Title,Artist
Golden,"HUNTR/X: EJAE, Audrey Nuna & REI AMI"
Ordinary,Alex Warren
Manchild,Sabrina Carpenter
What I Want,Morgan Wallen Featuring Tate McRae
Soda Pop,"Saja Boys: Andrew Choi, Neckwav, Danny Chung, Kevin Woo & samUIL Lee"
Your Idol,"Saja Boys: Andrew Choi, Neckwav, Danny Chung, Kevin Woo & samUIL Lee"
Love Me Not,Ravyn Lenae
Daisies,Justin Bieber
Lose Control,Teddy Swims
How It's Done,"HUNTR/X: EJAE, Audrey Nuna & REI AMI"
Die With A Smile,Lady Gaga & Bruno Mars
Tears,Sabrina Carpenter
I Got Better,Morgan Wallen
Mutt,Leon Thomas
A Bar Song (Tipsy),Shaboozey
Beautiful Things,Benson Boone
Just In Case,Morgan Wallen
Undressed,sombr
What It Sounds Like,"HUNTR/X: EJAE, Audrey Nuna & REI AMI"
Good News,Shaboozey
I'm The Problem,Morgan Wallen
Pink Pony Club,Chappell Roan
Back To Friends,sombr
Takedown,"HUNTR/X: EJAE, Audrey Nuna & REI AMI"
Mystical Magical,Benson Boone
Luther,Kendrick Lamar & SZA
Free,"Rumi, JINU, EJAE & Andrew Choi"
Happen To Me,Russell Dickerson
Folded,Kehlani
Man I Need,Olivia Dean
When Did You Get Hot?,Sabrina Carpenter
Yukon,Justin Bieber
Burning Blue,Mariah the Scientist
It Depends,Chris Brown Featuring Bryson Tiller
All The Way,BigXthaPlug Featuring Bailey Zimmerman
Nobody's Son,Sabrina Carpenter
Sorry I'm Here For Someone Else,Benson Boone
Bottle Rockets,Scotty McCreery & Hootie & The Blowfish
No Broke Boys,Disco Lines & Tinashe
Somebody Loves Me,"PARTYNEXTDOOR, Drake & Cash Cobain"
12 To 12,sombr
Worst Way,Riley Green
Bar None,Jordan Davis
The Dead Dance,Lady Gaga
Gabriela,KATSEYE
Revolving Door,Tate McRae
Back In The Saddle,Luke Combs
After All The Bars Are Closed,Thomas Rhett
Jealous Type,Doja Cat
House Tour,Sabrina Carpenter
